{
  "minecraft:recipes/decorations/lime_stained_glass_pane_from_glass_pane": {
    "criteria": {
      "has_lime_dye": "2023-06-22 03:49:53 +0000"
    },
    "done": true
  },
  "minecraft:recipes/building_blocks/dye_lime_wool": {
    "criteria": {
      "has_needed_dye": "2023-06-22 03:49:53 +0000"
    },
    "done": true
  },
  "minecraft:recipes/building_blocks/bookshelf": {
    "criteria": {
      "has_book": "2023-06-22 03:49:53 +0000"
    },
    "done": true
  },
  "minecraft:recipes/decorations/crafting_table": {
    "criteria": {
      "unlock_right_away": "2023-06-22 03:49:53 +0000"
    },
    "done": true
  },
  "minecraft:recipes/decorations/lime_candle": {
    "criteria": {
      "has_lime_dye": "2023-06-22 03:49:53 +0000"
    },
    "done": true
  },
  "minecraft:recipes/redstone/lectern": {
    "criteria": {
      "has_book": "2023-06-22 03:49:53 +0000"
    },
    "done": true
  },
  "minecraft:recipes/building_blocks/chiseled_bookshelf": {
    "criteria": {
      "has_book": "2023-06-22 03:49:53 +0000"
    },
    "done": true
  },
  "minecraft:recipes/building_blocks/dye_lime_bed": {
    "criteria": {
      "has_needed_dye": "2023-06-22 03:49:53 +0000"
    },
    "done": true
  },
  "minecraft:recipes/misc/writable_book": {
    "criteria": {
      "has_book": "2023-06-22 03:49:53 +0000"
    },
    "done": true
  },
  "minecraft:recipes/building_blocks/dye_lime_carpet": {
    "criteria": {
      "has_needed_dye": "2023-06-22 03:49:53 +0000"
    },
    "done": true
  },
  "minecraft:recipes/misc/beacon": {
    "criteria": {
      "has_nether_star": "2023-06-22 03:49:53 +0000"
    },
    "done": true
  },
  "minecraft:adventure/adventuring_time": {
    "criteria": {
      "minecraft:wooded_badlands": "2023-06-24 17:21:28 +0000",
      "minecraft:sparse_jungle": "2023-06-22 03:49:54 +0000",
      "minecraft:river": "2023-06-24 17:22:21 +0000",
      "minecraft:stony_shore": "2023-06-24 17:22:02 +0000",
      "minecraft:forest": "2023-06-22 03:51:56 +0000",
      "minecraft:desert": "2023-06-22 05:37:54 +0000",
      "minecraft:jungle": "2023-06-22 03:54:02 +0000",
      "minecraft:plains": "2023-06-22 05:58:01 +0000"
    },
    "done": false
  },
  "minecraft:recipes/misc/map": {
    "criteria": {
      "has_compass": "2023-06-22 03:51:56 +0000"
    },
    "done": true
  },
  "minecraft:story/obtain_armor": {
    "criteria": {
      "iron_helmet": "2023-06-22 05:58:16 +0000"
    },
    "done": true
  },
  "minecraft:recipes/misc/iron_nugget_from_smelting": {
    "criteria": {
      "has_iron_helmet": "2023-06-22 05:58:16 +0000"
    },
    "done": true
  },
  "minecraft:recipes/misc/bowl": {
    "criteria": {
      "has_mushroom_stew": "2023-06-22 05:58:16 +0000"
    },
    "done": true
  },
  "minecraft:recipes/decorations/chest": {
    "criteria": {
      "has_lots_of_items": "2023-06-22 05:58:16 +0000"
    },
    "done": true
  },
  "minecraft:recipes/misc/iron_nugget_from_blasting": {
    "criteria": {
      "has_iron_helmet": "2023-06-22 05:58:16 +0000"
    },
    "done": true
  },
  "minecraft:recipes/food/mushroom_stew": {
    "criteria": {
      "has_mushroom_stew": "2023-06-22 05:58:16 +0000"
    },
    "done": true
  },
  "minecraft:recipes/decorations/campfire": {
    "criteria": {
      "has_coal": "2023-06-22 05:58:33 +0000"
    },
    "done": true
  },
  "minecraft:recipes/building_blocks/coal_block": {
    "criteria": {
      "has_coal": "2023-06-22 05:58:33 +0000"
    },
    "done": true
  },
  "minecraft:recipes/transportation/mangrove_boat": {
    "criteria": {
      "in_water": "2023-06-22 06:01:23 +0000"
    },
    "done": true
  },
  "minecraft:recipes/transportation/acacia_boat": {
    "criteria": {
      "in_water": "2023-06-22 06:01:23 +0000"
    },
    "done": true
  },
  "minecraft:recipes/transportation/cherry_boat": {
    "criteria": {
      "in_water": "2023-06-22 06:01:23 +0000"
    },
    "done": true
  },
  "minecraft:recipes/transportation/bamboo_raft": {
    "criteria": {
      "in_water": "2023-06-22 06:01:23 +0000"
    },
    "done": true
  },
  "minecraft:recipes/transportation/spruce_boat": {
    "criteria": {
      "in_water": "2023-06-22 06:01:23 +0000"
    },
    "done": true
  },
  "minecraft:recipes/transportation/birch_boat": {
    "criteria": {
      "in_water": "2023-06-22 06:01:23 +0000"
    },
    "done": true
  },
  "minecraft:recipes/transportation/oak_boat": {
    "criteria": {
      "in_water": "2023-06-22 06:01:23 +0000"
    },
    "done": true
  },
  "minecraft:recipes/transportation/jungle_boat": {
    "criteria": {
      "in_water": "2023-06-22 06:01:23 +0000"
    },
    "done": true
  },
  "minecraft:recipes/transportation/dark_oak_boat": {
    "criteria": {
      "in_water": "2023-06-22 06:01:23 +0000"
    },
    "done": true
  },
  "minecraft:recipes/combat/diamond_leggings": {
    "criteria": {
      "has_diamond": "2023-06-24 17:24:07 +0000"
    },
    "done": true
  },
  "minecraft:recipes/building_blocks/dye_gray_carpet": {
    "criteria": {
      "has_needed_dye": "2023-06-24 17:26:01 +0000"
    },
    "done": true
  },
  "minecraft:recipes/misc/light_gray_dye_from_gray_white_dye": {
    "criteria": {
      "has_gray_dye": "2023-06-24 17:26:01 +0000"
    },
    "done": true
  },
  "minecraft:recipes/combat/diamond_sword": {
    "criteria": {
      "has_diamond": "2023-06-24 17:24:07 +0000"
    },
    "done": true
  },
  "minecraft:recipes/decorations/jukebox": {
    "criteria": {
      "has_diamond": "2023-06-24 17:24:07 +0000"
    },
    "done": true
  },
  "minecraft:recipes/combat/diamond_chestplate": {
    "criteria": {
      "has_diamond": "2023-06-24 17:24:07 +0000"
    },
    "done": true
  },
  "minecraft:recipes/combat/diamond_helmet": {
    "criteria": {
      "has_diamond": "2023-06-24 17:24:07 +0000"
    },
    "done": true
  },
  "minecraft:recipes/building_blocks/emerald_block": {
    "criteria": {
      "has_emerald": "2023-06-24 17:24:07 +0000"
    },
    "done": true
  },
  "minecraft:recipes/tools/diamond_pickaxe": {
    "criteria": {
      "has_diamond": "2023-06-24 17:24:07 +0000"
    },
    "done": true
  },
  "minecraft:recipes/building_blocks/diamond_block": {
    "criteria": {
      "has_diamond": "2023-06-24 17:24:07 +0000"
    },
    "done": true
  },
  "minecraft:recipes/building_blocks/dye_gray_wool": {
    "criteria": {
      "has_needed_dye": "2023-06-24 17:26:01 +0000"
    },
    "done": true
  },
  "minecraft:recipes/building_blocks/dye_gray_bed": {
    "criteria": {
      "has_needed_dye": "2023-06-24 17:26:01 +0000"
    },
    "done": true
  },
  "minecraft:recipes/tools/diamond_hoe": {
    "criteria": {
      "has_diamond": "2023-06-24 17:24:07 +0000"
    },
    "done": true
  },
  "minecraft:recipes/tools/diamond_shovel": {
    "criteria": {
      "has_diamond": "2023-06-24 17:24:07 +0000"
    },
    "done": true
  },
  "minecraft:story/mine_diamond": {
    "criteria": {
      "diamond": "2023-06-24 17:24:07 +0000"
    },
    "done": true
  },
  "minecraft:recipes/tools/diamond_axe": {
    "criteria": {
      "has_diamond": "2023-06-24 17:24:07 +0000"
    },
    "done": true
  },
  "minecraft:recipes/decorations/gray_candle": {
    "criteria": {
      "has_gray_dye": "2023-06-24 17:26:01 +0000"
    },
    "done": true
  },
  "minecraft:recipes/decorations/gray_stained_glass_pane_from_glass_pane": {
    "criteria": {
      "has_gray_dye": "2023-06-24 17:26:01 +0000"
    },
    "done": true
  },
  "minecraft:recipes/combat/diamond_boots": {
    "criteria": {
      "has_diamond": "2023-06-24 17:24:07 +0000"
    },
    "done": true
  },
  "DataVersion": 3465
}