{
  "minecraft:recipes/decorations/crafting_table": {
    "criteria": {
      "unlock_right_away": "2023-12-28 11:26:02 +0000"
    },
    "done": true
  },
  "minecraft:recipes/misc/map": {
    "criteria": {
      "has_compass": "2023-12-28 11:35:13 +0000"
    },
    "done": true
  },
  "minecraft:adventure/adventuring_time": {
    "criteria": {
      "minecraft:forest": "2023-12-28 11:30:21 +0000",
      "minecraft:sparse_jungle": "2023-12-28 11:26:03 +0000"
    },
    "done": false
  },
  "minecraft:recipes/decorations/brown_stained_glass_pane": {
    "criteria": {
      "has_glass": "2023-12-28 11:32:54 +0000"
    },
    "done": true
  },
  "DataVersion": 3700
}