{
  "minecraft:recipes/decorations/crafting_table": {
    "criteria": {
      "unlock_right_away": "2023-08-04 07:25:54 +0000"
    },
    "done": true
  },
  "minecraft:adventure/adventuring_time": {
    "criteria": {
      "minecraft:sparse_jungle": "2023-08-04 07:25:55 +0000",
      "minecraft:desert": "2023-08-04 07:26:30 +0000"
    },
    "done": false
  },
  "minecraft:recipes/misc/green_dye": {
    "criteria": {
      "has_cactus": "2023-08-04 07:27:53 +0000"
    },
    "done": true
  },
  "DataVersion": 3465
}