{"stat.walkOneCm":3656,"achievement.openInventory":9,"stat.useItem.minecraft.snowball":1,"stat.leaveGame":2,"stat.useItem.minecraft.log":1,"stat.killEntity.Wolf":1,"stat.mobKills":3,"stat.useItem.minecraft.diamond_sword":12,"stat.flyOneCm":52348,"stat.jump":12,"stat.playOneMinute":11099,"stat.useItem.minecraft.planks":3,"stat.useItem.minecraft.item_frame":3,"stat.useItem.minecraft.piston":7,"stat.damageDealt":510,"stat.crouchOneCm":240,"stat.useItem.minecraft.wool":9,"stat.killEntity.Zombie":1,"stat.timeSinceDeath":11099,"stat.sprintOneCm":1591,"achievement.exploreAllBiomes":{"value":0,"progress":["Plains"]}}