{"stat.chestOpened":2,"stat.walkOneCm":78274,"stat.useItem.minecraft.torch":2,"stat.pickup.minecraft.sign":8,"stat.leaveGame":2,"stat.useItem.minecraft.log":46,"stat.useItem.minecraft.cobblestone":2,"stat.flyOneCm":1414544,"stat.drop":1,"stat.jump":307,"stat.pickup.minecraft.compass":1,"stat.playOneMinute":76427,"stat.useItem.minecraft.planks":138,"stat.pickup.minecraft.torch":1,"stat.sneakTime":1986,"stat.useItem.minecraft.spruce_stairs":5,"stat.crouchOneCm":3580,"stat.useItem.minecraft.coal_block":26,"stat.useItem.minecraft.wool":230,"stat.drop.minecraft.compass":1,"stat.timeSinceDeath":76427,"stat.sprintOneCm":41626,"stat.useItem.minecraft.sign":8,"stat.useItem.minecraft.stone_slab2":668,"stat.useItem.minecraft.fence":6,"stat.useItem.minecraft.stone_stairs":1}