{"stats":{"minecraft:killed":{"minecraft:husk":1,"minecraft:spider":1,"minecraft:iron_golem":1,"minecraft:skeleton":2,"minecraft:zombie":3},"minecraft:used":{"minecraft:water_bucket":3,"minecraft:netherite_sword":40,"minecraft:diamond_boots":1,"minecraft:red_sand":4,"minecraft:elytra":6,"minecraft:oak_planks":1,"minecraft:wooden_pickaxe":24,"minecraft:iron_sword":18,"minecraft:diamond_axe":19,"minecraft:green_bed":1,"minecraft:cooked_chicken":16,"minecraft:sand":32,"minecraft:crafting_table":4,"minecraft:diamond_helmet":1,"minecraft:red_shulker_box":21,"minecraft:diamond_pickaxe":128,"minecraft:firework_rocket":26,"minecraft:bread":2,"minecraft:cyan_bed":1,"minecraft:smooth_sandstone":7,"minecraft:gravel":6,"minecraft:totem_of_undying":1,"minecraft:diamond_chestplate":4,"minecraft:cobblestone":31,"minecraft:andesite":6,"minecraft:bucket":4,"minecraft:diamond_leggings":1},"minecraft:dropped":{"minecraft:diamond_block":2,"minecraft:totem_of_undying":2},"minecraft:picked_up":{"minecraft:crafting_table":4,"minecraft:andesite":10,"minecraft:oak_log":9,"minecraft:cornflower":2,"minecraft:dirt":13,"minecraft:smooth_sandstone":7,"minecraft:bone":2,"minecraft:red_sand":4,"minecraft:iron_ingot":4,"minecraft:cooked_chicken":64,"minecraft:poppy":1,"minecraft:melon_slice":3,"minecraft:sugar_cane":1,"minecraft:stick":12,"minecraft:green_bed":1,"minecraft:dandelion":1,"minecraft:gravel":6,"minecraft:sand":32,"minecraft:blast_furnace":1,"minecraft:cyan_bed":2,"minecraft:diamond_block":2,"minecraft:firework_rocket":64,"minecraft:arrow":2,"minecraft:red_shulker_box":25,"minecraft:rotten_flesh":3,"minecraft:hay_block":15,"minecraft:totem_of_undying":2,"minecraft:obsidian":10,"minecraft:coal":18,"minecraft:cobblestone":80},"minecraft:crafted":{"minecraft:oak_planks":16,"minecraft:diamond_axe":1,"minecraft:crafting_table":1,"minecraft:wooden_pickaxe":1,"minecraft:bucket":1,"minecraft:bread":45,"minecraft:diamond":63,"minecraft:diamond_helmet":1,"minecraft:diamond_leggings":2,"minecraft:diamond_pickaxe":1,"minecraft:shield":1,"minecraft:stick":4,"minecraft:diamond_boots":2,"minecraft:diamond_chestplate":1,"minecraft:wheat":135},"minecraft:mined":{"minecraft:red_shulker_box":25,"minecraft:obsidian":10,"minecraft:smooth_sandstone":7,"minecraft:crafting_table":4,"minecraft:cornflower":1,"minecraft:red_sand":4,"minecraft:blast_furnace":1,"minecraft:grass_block":9,"minecraft:melon":1,"minecraft:dead_bush":10,"minecraft:cobblestone":6,"minecraft:cyan_bed":2,"minecraft:sugar_cane":1,"minecraft:hay_block":15,"minecraft:fire":5,"minecraft:andesite":11,"minecraft:grass":2,"minecraft:oak_log":9,"minecraft:coal_ore":18,"minecraft:gravel":6,"minecraft:sand":16,"minecraft:stone":76,"minecraft:oak_leaves":9,"minecraft:green_bed":1,"minecraft:fern":1},"minecraft:killed_by":{"minecraft:player":3,"minecraft:zombie":1},"minecraft:custom":{"minecraft:mob_kills":8,"minecraft:interact_with_crafting_table":10,"minecraft:open_shulker_box":35,"minecraft:leave_game":7,"minecraft:time_since_death":37040,"minecraft:sleep_in_bed":1,"minecraft:climb_one_cm":401,"minecraft:time_since_rest":6775,"minecraft:sprint_one_cm":110291,"minecraft:damage_taken":2276,"minecraft:walk_one_cm":163519,"minecraft:drop":3,"minecraft:damage_dealt":2701,"minecraft:swim_one_cm":20630,"minecraft:talked_to_villager":1,"minecraft:fly_one_cm":115980,"minecraft:player_kills":1,"minecraft:open_chest":2,"minecraft:crouch_one_cm":9392,"minecraft:play_time":90150,"minecraft:deaths":4,"minecraft:sneak_time":9463,"minecraft:walk_under_water_one_cm":21000,"minecraft:aviate_one_cm":749852,"minecraft:jump":988,"minecraft:walk_on_water_one_cm":24100,"minecraft:total_world_time":90150,"minecraft:fall_one_cm":71759}},"DataVersion":3465}