{"stats":{"minecraft:killed":{"minecraft:chicken":1},"minecraft:custom":{"minecraft:jump":35,"minecraft:time_since_rest":152,"minecraft:leave_game":1,"minecraft:damage_dealt":10,"minecraft:crouch_one_cm":285,"minecraft:deaths":1,"minecraft:sprint_one_cm":12241,"minecraft:play_time":2248,"minecraft:damage_taken":2400,"minecraft:time_since_death":70,"minecraft:walk_one_cm":1696,"minecraft:sneak_time":47,"minecraft:total_world_time":2248,"minecraft:mob_kills":1,"minecraft:fall_one_cm":25614,"minecraft:fly_one_cm":6574}},"DataVersion":3700}