{"stats":{"minecraft:used":{"minecraft:red_shulker_box":6,"minecraft:stone":9},"minecraft:picked_up":{"minecraft:red_shulker_box":1},"minecraft:custom":{"minecraft:jump":230,"minecraft:time_since_rest":27908,"minecraft:leave_game":1,"minecraft:open_shulker_box":2,"minecraft:crouch_one_cm":12135,"minecraft:sprint_one_cm":27263,"minecraft:play_time":27908,"minecraft:walk_on_water_one_cm":156,"minecraft:time_since_death":27908,"minecraft:walk_one_cm":14581,"minecraft:sneak_time":3490,"minecraft:total_world_time":27908,"minecraft:walk_under_water_one_cm":21319,"minecraft:swim_one_cm":329,"minecraft:fly_one_cm":305150}},"DataVersion":3465}