{"stats":{"minecraft:used":{"minecraft:water_bucket":8,"minecraft:red_sand":13,"minecraft:stone_sword":10,"minecraft:flint_and_steel":1,"minecraft:iron_block":16,"minecraft:oak_planks":16,"minecraft:cactus":1,"minecraft:iron_sword":17,"minecraft:sand":12,"minecraft:bow":7,"minecraft:tnt":1,"minecraft:crafting_table":1,"minecraft:light_blue_wool":62,"minecraft:sponge":2},"minecraft:crafted":{"minecraft:sugar":1,"minecraft:oak_planks":32,"minecraft:crafting_table":1,"minecraft:stick":8,"minecraft:wooden_pickaxe":1,"minecraft:wooden_axe":1},"minecraft:mined":{"minecraft:cactus":1,"minecraft:red_sand":13,"minecraft:oak_log":8,"minecraft:dead_bush":17,"minecraft:sand":14,"minecraft:sugar_cane":14,"minecraft:oak_leaves":1},"minecraft:dropped":{"minecraft:mushroom_stew":18},"minecraft:picked_up":{"minecraft:stick":73,"minecraft:sand":14,"minecraft:mushroom_stew":18,"minecraft:oak_log":8,"minecraft:cactus":3,"minecraft:rotten_flesh":2,"minecraft:red_sand":16,"minecraft:iron_ingot":172,"minecraft:birch_sign":2,"minecraft:gold_ingot":39,"minecraft:sugar_cane":20},"minecraft:killed_by":{"minecraft:player":3},"minecraft:custom":{"minecraft:time_since_rest":5090,"minecraft:sprint_one_cm":99420,"minecraft:damage_taken":3455,"minecraft:walk_one_cm":304835,"minecraft:drop":18,"minecraft:damage_dealt":1437,"minecraft:interact_with_crafting_table":1,"minecraft:fly_one_cm":151719,"minecraft:player_kills":4,"minecraft:open_chest":1,"minecraft:crouch_one_cm":32817,"minecraft:play_time":138870,"minecraft:deaths":6,"minecraft:sneak_time":23532,"minecraft:walk_under_water_one_cm":16787,"minecraft:jump":878,"minecraft:leave_game":24,"minecraft:walk_on_water_one_cm":23558,"minecraft:time_since_death":5057,"minecraft:climb_one_cm":864,"minecraft:total_world_time":138870,"minecraft:fall_one_cm":44252}},"DataVersion":3465}