{"stats":{"minecraft:used":{"minecraft:coarse_dirt":1},"minecraft:custom":{"minecraft:jump":567,"minecraft:open_chest":1,"minecraft:time_since_rest":38552,"minecraft:damage_taken":626,"minecraft:leave_game":14,"minecraft:crouch_one_cm":920,"minecraft:play_time":72619,"minecraft:time_since_death":38503,"minecraft:sprint_one_cm":199157,"minecraft:walk_one_cm":185631,"minecraft:walk_on_water_one_cm":39252,"minecraft:deaths":2,"minecraft:sneak_time":698,"minecraft:total_world_time":72619,"minecraft:walk_under_water_one_cm":9333,"minecraft:swim_one_cm":10435,"minecraft:fall_one_cm":33925,"minecraft:fly_one_cm":186469},"minecraft:mined":{"minecraft:coarse_dirt":1,"minecraft:chest":1},"minecraft:picked_up":{"minecraft:coarse_dirt":1,"minecraft:chest":1}},"DataVersion":3465}