{"stats":{"minecraft:picked_up":{"minecraft:stick":4},"minecraft:custom":{"minecraft:jump":204,"minecraft:time_since_rest":15918,"minecraft:crouch_one_cm":105,"minecraft:leave_game":3,"minecraft:play_time":15918,"minecraft:sprint_one_cm":48427,"minecraft:time_since_death":15918,"minecraft:walk_on_water_one_cm":1258,"minecraft:walk_one_cm":14524,"minecraft:sneak_time":231,"minecraft:total_world_time":15918,"minecraft:fall_one_cm":15654,"minecraft:fly_one_cm":44968},"minecraft:mined":{"minecraft:dead_bush":5}},"DataVersion":3465}