{"stats":{"minecraft:custom":{"minecraft:jump":178,"minecraft:time_since_rest":8564,"minecraft:leave_game":1,"minecraft:damage_dealt":35,"minecraft:crouch_one_cm":785,"minecraft:deaths":1,"minecraft:sprint_one_cm":14754,"minecraft:play_time":20761,"minecraft:walk_on_water_one_cm":28884,"minecraft:time_since_death":8517,"minecraft:walk_one_cm":44191,"minecraft:sneak_time":386,"minecraft:total_world_time":20761,"minecraft:walk_under_water_one_cm":6370,"minecraft:swim_one_cm":482,"minecraft:fall_one_cm":7704,"minecraft:fly_one_cm":82688}},"DataVersion":3465}