{"stats":{"minecraft:picked_up":{"minecraft:dirt":1},"minecraft:killed":{"minecraft:creeper":1},"minecraft:custom":{"minecraft:jump":161,"minecraft:time_since_rest":1141,"minecraft:damage_dealt":210,"minecraft:deaths":4,"minecraft:damage_taken":5830,"minecraft:crouch_one_cm":12,"minecraft:leave_game":2,"minecraft:play_time":13669,"minecraft:sprint_one_cm":18455,"minecraft:time_since_death":1099,"minecraft:walk_on_water_one_cm":4829,"minecraft:walk_one_cm":32165,"minecraft:sneak_time":54,"minecraft:total_world_time":13669,"minecraft:walk_under_water_one_cm":511,"minecraft:mob_kills":1,"minecraft:fall_one_cm":73962,"minecraft:fly_one_cm":70445},"minecraft:mined":{"minecraft:grass_block":1}},"DataVersion":3465}