{"stats":{"minecraft:killed_by":{"minecraft:player":1},"minecraft:used":{"minecraft:sand":1,"minecraft:iron_sword":116},"minecraft:custom":{"minecraft:time_since_rest":1197,"minecraft:damage_taken":1669,"minecraft:crouch_one_cm":831,"minecraft:sprint_one_cm":40649,"minecraft:play_time":17724,"minecraft:deaths":2,"minecraft:walk_one_cm":73009,"minecraft:sneak_time":243,"minecraft:jump":521,"minecraft:damage_dealt":1749,"minecraft:leave_game":8,"minecraft:time_since_death":1197,"minecraft:total_world_time":17724,"minecraft:fall_one_cm":56785,"minecraft:fly_one_cm":85713,"minecraft:player_kills":1},"minecraft:mined":{"minecraft:grass":1,"minecraft:grass_block":13,"minecraft:poppy":1,"minecraft:sand":1},"minecraft:picked_up":{"minecraft:dandelion":4,"minecraft:sand":1,"minecraft:poppy":1,"minecraft:melon_slice":4,"minecraft:iron_sword":1,"minecraft:dirt":13,"minecraft:oxeye_daisy":1}},"DataVersion":3465}