{"stats":{"minecraft:picked_up":{"minecraft:iron_ingot":25,"minecraft:gold_ingot":7,"minecraft:brick":89},"minecraft:killed_by":{"minecraft:player":15},"minecraft:custom":{"minecraft:jump":405356,"minecraft:time_since_rest":59676,"minecraft:damage_taken":4071,"minecraft:walk_one_cm":17829378,"minecraft:leave_game":49,"minecraft:play_time":4884170,"minecraft:time_since_death":59674,"minecraft:deaths":15,"minecraft:walk_on_water_one_cm":96095,"minecraft:total_world_time":4884170,"minecraft:fall_one_cm":5408,"minecraft:fly_one_cm":80832130}},"DataVersion":3337}