{"stats":{"minecraft:crafted":{"minecraft:oak_planks":28,"minecraft:crafting_table":1,"minecraft:stick":20,"minecraft:wooden_pickaxe":1,"minecraft:stone_pickaxe":6,"minecraft:wooden_axe":1,"minecraft:stone_sword":1,"minecraft:stone_axe":1},"minecraft:mined":{"minecraft:iron_ore":4,"minecraft:andesite":15,"minecraft:clay":1,"minecraft:crafting_table":4,"minecraft:grass":8,"minecraft:red_sand":1,"minecraft:grass_block":1,"minecraft:oak_log":7,"minecraft:vine":2,"minecraft:sand":38,"minecraft:dirt":29,"minecraft:stone":57,"minecraft:oak_leaves":18,"minecraft:fern":3},"minecraft:custom":{"minecraft:time_since_rest":17850,"minecraft:sprint_one_cm":7696,"minecraft:damage_taken":20,"minecraft:walk_one_cm":37099,"minecraft:swim_one_cm":40940,"minecraft:interact_with_crafting_table":4,"minecraft:fly_one_cm":9662,"minecraft:crouch_one_cm":2953,"minecraft:play_time":17850,"minecraft:sneak_time":2142,"minecraft:walk_under_water_one_cm":1188,"minecraft:jump":89,"minecraft:leave_game":5,"minecraft:walk_on_water_one_cm":272,"minecraft:time_since_death":17850,"minecraft:total_world_time":17850,"minecraft:fall_one_cm":11735},"minecraft:used":{"minecraft:wooden_axe":2,"minecraft:red_sand":1,"minecraft:stone_pickaxe":69,"minecraft:wooden_pickaxe":15,"minecraft:stone_axe":1,"minecraft:dirt":1,"minecraft:crafting_table":4},"minecraft:picked_up":{"minecraft:crafting_table":4,"minecraft:raw_iron":4,"minecraft:clay_ball":4,"minecraft:andesite":13,"minecraft:sand":38,"minecraft:oak_log":7,"minecraft:dirt":30,"minecraft:red_sand":1,"minecraft:oak_sapling":2,"minecraft:cobblestone":56}},"DataVersion":3465}