{"stats":{"minecraft:killed":{"minecraft:pig":2,"minecraft:spider":2,"minecraft:creeper":1,"minecraft:pillager":2,"minecraft:chicken":1},"minecraft:custom":{"minecraft:mob_kills":8,"minecraft:bell_ring":4,"minecraft:leave_game":23,"minecraft:time_since_death":3867,"minecraft:climb_one_cm":923,"minecraft:time_since_rest":4084,"minecraft:sprint_one_cm":314138,"minecraft:damage_taken":7581,"minecraft:walk_one_cm":235910,"minecraft:drop":124,"minecraft:damage_dealt":4846,"minecraft:interact_with_beacon":1,"minecraft:swim_one_cm":29126,"minecraft:fly_one_cm":1139015,"minecraft:player_kills":3,"minecraft:open_chest":3,"minecraft:crouch_one_cm":35931,"minecraft:play_time":287021,"minecraft:deaths":15,"minecraft:sneak_time":15410,"minecraft:walk_under_water_one_cm":22652,"minecraft:jump":1828,"minecraft:walk_on_water_one_cm":14717,"minecraft:total_world_time":287021,"minecraft:fall_one_cm":158426},"minecraft:picked_up":{"minecraft:feather":2,"minecraft:chicken":1,"minecraft:leather":1,"minecraft:mushroom_stew":1,"minecraft:oak_log":6,"minecraft:gunpowder":3,"minecraft:cornflower":1,"minecraft:dirt":9,"minecraft:white_banner":1,"minecraft:compass":1,"minecraft:bone":1,"minecraft:blue_orchid":1,"minecraft:wheat_seeds":1,"minecraft:beef":1,"minecraft:azalea":4,"minecraft:poppy":1,"minecraft:melon_slice":4,"minecraft:sugar_cane":2,"minecraft:oak_planks":1,"minecraft:black_stained_glass":1,"minecraft:stick":4,"minecraft:milk_bucket":1,"minecraft:stone":1,"minecraft:dandelion":5,"minecraft:porkchop":2,"minecraft:sand":8,"minecraft:zombie_spawn_egg":1,"minecraft:polished_andesite":1,"minecraft:arrow":1,"minecraft:cactus":142,"minecraft:red_tulip":2,"minecraft:terracotta":4,"minecraft:white_wool":1,"minecraft:oxeye_daisy":1},"minecraft:used":{"minecraft:oak_fence":173,"minecraft:netherite_sword":52,"minecraft:stone_sword":125,"minecraft:polished_andesite":413,"minecraft:oak_planks":338,"minecraft:cactus":319,"minecraft:stone":305,"minecraft:iron_sword":210,"minecraft:zombie_spawn_egg":21,"minecraft:beacon":1,"minecraft:oak_door":8,"minecraft:torch":54,"minecraft:diamond_block":71,"minecraft:dirt":153,"minecraft:sand":6,"minecraft:terracotta":9,"minecraft:campfire":4,"minecraft:oak_fence_gate":6,"minecraft:obsidian":725,"minecraft:oak_log":250,"minecraft:glass":3,"minecraft:wooden_axe":1,"minecraft:black_stained_glass_pane":12,"minecraft:iron_block":69,"minecraft:grass_block":600,"minecraft:oak_stairs":124,"minecraft:netherite_axe":11,"minecraft:bow":30,"minecraft:black_stained_glass":96,"minecraft:tall_grass":1,"minecraft:white_banner":48,"minecraft:andesite":294,"minecraft:gold_block":10,"minecraft:egg":1,"minecraft:dandelion":1,"minecraft:smooth_stone":1},"minecraft:killed_by":{"minecraft:player":7},"minecraft:mined":{"minecraft:dandelion":3,"minecraft:grass_block":11,"minecraft:melon":1,"minecraft:dead_bush":4,"minecraft:sugar_cane":1,"minecraft:grass":4,"minecraft:oak_log":6,"minecraft:flowering_azalea_leaves":8,"minecraft:sand":5,"minecraft:azalea_leaves":38,"minecraft:fern":1},"minecraft:broken":{"minecraft:leather_helmet":1,"minecraft:leather_boots":2},"minecraft:dropped":{"minecraft:zombie_spawn_egg":1,"minecraft:oak_planks":1,"minecraft:enchanted_golden_apple":39,"minecraft:mushroom_stew":3,"minecraft:stick":2,"minecraft:polished_andesite":1,"minecraft:filled_map":1,"minecraft:dirt":1,"minecraft:stone":1,"minecraft:gunpowder":2,"minecraft:milk_bucket":65,"minecraft:wooden_axe":1,"minecraft:melon_slice":4,"minecraft:white_banner":1,"minecraft:black_stained_glass":1}},"DataVersion":3465}