{"stats":{"minecraft:crafted":{"minecraft:oak_planks":4,"minecraft:birch_planks":4,"minecraft:crafting_table":1,"minecraft:stick":8},"minecraft:killed_by":{"minecraft:creeper":1},"minecraft:mined":{"minecraft:podzol":7,"minecraft:oak_log":2,"minecraft:grass_block":25,"minecraft:melon":10,"minecraft:birch_log":2,"minecraft:oak_leaves":5},"minecraft:custom":{"minecraft:time_since_rest":668,"minecraft:crouch_one_cm":1502,"minecraft:play_time":5133,"minecraft:walk_one_cm":2448,"minecraft:damage_taken":4985,"minecraft:deaths":4,"minecraft:sneak_time":1224,"minecraft:jump":14,"minecraft:damage_dealt":148,"minecraft:leave_game":1,"minecraft:time_since_death":630,"minecraft:total_world_time":5133,"minecraft:interact_with_crafting_table":1,"minecraft:fall_one_cm":50650,"minecraft:fly_one_cm":710},"minecraft:used":{"minecraft:dirt":14,"minecraft:crafting_table":1,"minecraft:melon_slice":2},"minecraft:picked_up":{"minecraft:birch_log":2,"minecraft:blue_orchid":2,"minecraft:dandelion":2,"minecraft:oak_log":2,"minecraft:melon_slice":36,"minecraft:cornflower":1,"minecraft:dirt":24,"minecraft:oxeye_daisy":1}},"DataVersion":3465}