{"stats":{"minecraft:crafted":{"minecraft:diamond":576,"minecraft:diamond_sword":1,"minecraft:diamond_helmet":1,"minecraft:diamond_leggings":1,"minecraft:diamond_pickaxe":1,"minecraft:diamond_boots":1,"minecraft:diamond_chestplate":1,"minecraft:bread":50,"minecraft:diamond_block":60,"minecraft:wheat":135},"minecraft:custom":{"minecraft:time_since_rest":26200,"minecraft:damage_absorbed":40,"minecraft:sprint_one_cm":94194,"minecraft:damage_taken":1133,"minecraft:walk_one_cm":34480,"minecraft:mob_kills":4,"minecraft:drop":3,"minecraft:damage_dealt":320,"minecraft:swim_one_cm":12446,"minecraft:interact_with_crafting_table":8,"minecraft:fly_one_cm":143707,"minecraft:open_chest":6,"minecraft:crouch_one_cm":1792,"minecraft:play_time":27688,"minecraft:open_shulker_box":1,"minecraft:deaths":1,"minecraft:sneak_time":754,"minecraft:walk_under_water_one_cm":5236,"minecraft:aviate_one_cm":312767,"minecraft:jump":718,"minecraft:leave_game":13,"minecraft:walk_on_water_one_cm":10044,"minecraft:time_since_death":26177,"minecraft:total_world_time":27688,"minecraft:fall_one_cm":30506},"minecraft:used":{"minecraft:netherite_sword":8,"minecraft:diamond_pickaxe":84,"minecraft:rabbit":2,"minecraft:bread":10,"minecraft:elytra":1,"minecraft:golden_apple":1,"minecraft:sand":2,"minecraft:terracotta":26,"minecraft:orange_terracotta":10},"minecraft:killed":{"minecraft:rabbit":2,"minecraft:cow":2},"minecraft:picked_up":{"minecraft:stick":3,"minecraft:sandstone":1,"minecraft:cut_sandstone":3,"minecraft:brown_terracotta":4,"minecraft:leather":1,"minecraft:diamond_sword":1,"minecraft:sand":3,"minecraft:dirt":2,"minecraft:rabbit_foot":2,"minecraft:stone_pressure_plate":1,"minecraft:tnt":9,"minecraft:light_gray_terracotta":6,"minecraft:orange_terracotta":11,"minecraft:blue_terracotta":1,"minecraft:wheat_seeds":2,"minecraft:red_sand":3,"minecraft:rabbit_hide":1,"minecraft:hay_block":15,"minecraft:beef":4,"minecraft:yellow_terracotta":3,"minecraft:white_terracotta":7,"minecraft:terracotta":26,"minecraft:rabbit":2},"minecraft:dropped":{"minecraft:diamond_sword":1,"minecraft:beef":4,"minecraft:rabbit_foot":2},"minecraft:mined":{"minecraft:yellow_terracotta":3,"minecraft:white_terracotta":7,"minecraft:hay_block":15,"minecraft:cut_sandstone":3,"minecraft:stone_pressure_plate":1,"minecraft:blue_terracotta":1,"minecraft:orange_terracotta":11,"minecraft:tnt":9,"minecraft:grass":3,"minecraft:light_gray_terracotta":6,"minecraft:grass_block":2,"minecraft:red_sand":3,"minecraft:dead_bush":5,"minecraft:sand":3,"minecraft:brown_terracotta":4,"minecraft:terracotta":26,"minecraft:stone":4,"minecraft:sandstone":1,"minecraft:oak_leaves":2}},"DataVersion":3465}