{"stats":{"minecraft:custom":{"minecraft:time_since_rest":14595273,"minecraft:damage_taken":4452,"minecraft:leave_game":1337,"minecraft:play_time":21566299,"minecraft:time_since_death":14595271,"minecraft:walk_one_cm":64211647,"minecraft:deaths":17,"minecraft:walk_on_water_one_cm":136205072,"minecraft:total_world_time":21566299,"minecraft:walk_under_water_one_cm":5473028,"minecraft:fall_one_cm":19351,"minecraft:fly_one_cm":349125451,"minecraft:jump":1280061},"minecraft:picked_up":{"minecraft:book":1,"minecraft:iron_ingot":190,"minecraft:birch_sign":1,"minecraft:gold_ingot":39,"minecraft:nether_star":1},"minecraft:killed_by":{"minecraft:player":17}},"DataVersion":3465}