{"stats":{"minecraft:mined":{"minecraft:lilac":1,"minecraft:grass":2,"minecraft:dirt":1},"minecraft:killed":{"minecraft:parrot":1,"minecraft:pig":2},"minecraft:custom":{"minecraft:time_since_rest":112004,"minecraft:sprint_one_cm":81068,"minecraft:damage_taken":570,"minecraft:walk_one_cm":263062,"minecraft:mob_kills":3,"minecraft:drop":2,"minecraft:damage_dealt":1338,"minecraft:player_kills":3,"minecraft:fly_one_cm":264160,"minecraft:open_chest":1,"minecraft:crouch_one_cm":7079,"minecraft:play_time":136851,"minecraft:deaths":1,"minecraft:sneak_time":3029,"minecraft:walk_under_water_one_cm":1465,"minecraft:jump":335,"minecraft:leave_game":30,"minecraft:walk_on_water_one_cm":1344,"minecraft:time_since_death":111936,"minecraft:total_world_time":136851,"minecraft:fall_one_cm":82533},"minecraft:used":{"minecraft:netherite_sword":6,"minecraft:piston":1,"minecraft:netherite_block":2,"minecraft:iron_block":1,"minecraft:grass_block":26,"minecraft:oak_sign":5,"minecraft:oak_planks":1,"minecraft:green_wool":11,"minecraft:iron_sword":42,"minecraft:lilac":1,"minecraft:diamond_block":4,"minecraft:purpur_stairs":8,"minecraft:emerald_block":1,"minecraft:jungle_slab":2,"minecraft:gold_block":2,"minecraft:smooth_stone":3},"minecraft:dropped":{"minecraft:nether_star":1,"minecraft:mushroom_stew":1},"minecraft:picked_up":{"minecraft:lilac":1,"minecraft:feather":1,"minecraft:porkchop":5,"minecraft:dirt":1,"minecraft:oak_sign":6,"minecraft:nether_star":1}},"DataVersion":3337}