{"stats":{"minecraft:custom":{"minecraft:jump":200,"minecraft:time_since_rest":12235,"minecraft:leave_game":2,"minecraft:crouch_one_cm":2514,"minecraft:play_time":12235,"minecraft:sprint_one_cm":37709,"minecraft:damage_taken":120,"minecraft:time_since_death":12235,"minecraft:walk_one_cm":15648,"minecraft:sneak_time":1320,"minecraft:total_world_time":12235,"minecraft:fall_one_cm":19698,"minecraft:fly_one_cm":55215},"minecraft:used":{"minecraft:dirt":18},"minecraft:picked_up":{"minecraft:stick":2,"minecraft:dandelion":2,"minecraft:dirt":18},"minecraft:mined":{"minecraft:grass":1,"minecraft:grass_block":19,"minecraft:dead_bush":2,"minecraft:dirt":3}},"DataVersion":3465}