{"stats":{"minecraft:dropped":{"minecraft:clay_ball":4},"minecraft:custom":{"minecraft:time_since_rest":273,"minecraft:crouch_one_cm":119,"minecraft:play_time":5145,"minecraft:sprint_one_cm":20786,"minecraft:walk_one_cm":4751,"minecraft:damage_taken":789,"minecraft:deaths":3,"minecraft:sneak_time":26,"minecraft:drop":1,"minecraft:jump":200,"minecraft:damage_dealt":355,"minecraft:leave_game":1,"minecraft:time_since_death":243,"minecraft:total_world_time":5145,"minecraft:fly_one_cm":35637,"minecraft:fall_one_cm":8782,"minecraft:player_kills":1},"minecraft:crafted":{"minecraft:clay":1},"minecraft:used":{"minecraft:oak_wood":1,"minecraft:clay":1},"minecraft:picked_up":{"minecraft:oak_wood":1,"minecraft:clay_ball":12},"minecraft:mined":{"minecraft:short_grass":1,"minecraft:oak_wood":1,"minecraft:tall_grass":2,"minecraft:fern":1,"minecraft:clay":3}},"DataVersion":3700}