{"stats":{"minecraft:custom":{"minecraft:jump":65,"minecraft:time_since_rest":15858,"minecraft:damage_dealt":28,"minecraft:crouch_one_cm":437,"minecraft:leave_game":1,"minecraft:sprint_one_cm":12930,"minecraft:play_time":15858,"minecraft:damage_taken":60,"minecraft:time_since_death":15858,"minecraft:walk_one_cm":30931,"minecraft:sneak_time":645,"minecraft:total_world_time":15858,"minecraft:fall_one_cm":1405,"minecraft:fly_one_cm":13147},"minecraft:used":{"minecraft:brown_stained_glass":2},"minecraft:mined":{"minecraft:brown_stained_glass":1}},"DataVersion":3700}