{"stats":{"minecraft:custom":{"minecraft:jump":104,"minecraft:time_since_rest":2852,"minecraft:leave_game":1,"minecraft:crouch_one_cm":56,"minecraft:damage_dealt":409,"minecraft:deaths":1,"minecraft:sprint_one_cm":5000,"minecraft:play_time":5027,"minecraft:damage_taken":320,"minecraft:time_since_death":2814,"minecraft:walk_one_cm":13190,"minecraft:sneak_time":136,"minecraft:total_world_time":5027,"minecraft:fall_one_cm":2306,"minecraft:fly_one_cm":21036},"minecraft:picked_up":{"minecraft:clay_ball":4},"minecraft:killed_by":{"minecraft:player":1},"minecraft:mined":{"minecraft:short_grass":3,"minecraft:clay":4}},"DataVersion":3700}