{"stats":{"minecraft:used":{"minecraft:sand":5,"minecraft:iron_sword":217},"minecraft:picked_up":{"minecraft:stick":1,"minecraft:cactus":3,"minecraft:sand":5},"minecraft:broken":{"minecraft:iron_helmet":1,"minecraft:iron_boots":1},"minecraft:custom":{"minecraft:time_since_rest":3085,"minecraft:crouch_one_cm":230,"minecraft:play_time":31382,"minecraft:sprint_one_cm":58391,"minecraft:walk_one_cm":56637,"minecraft:damage_taken":2992,"minecraft:deaths":4,"minecraft:sneak_time":391,"minecraft:walk_under_water_one_cm":2107,"minecraft:jump":496,"minecraft:damage_dealt":3080,"minecraft:leave_game":1,"minecraft:time_since_death":3058,"minecraft:walk_on_water_one_cm":25980,"minecraft:total_world_time":31382,"minecraft:swim_one_cm":410,"minecraft:fall_one_cm":42950,"minecraft:fly_one_cm":79432,"minecraft:player_kills":4},"minecraft:killed_by":{"minecraft:player":2},"minecraft:mined":{"minecraft:cactus":2,"minecraft:dead_bush":3,"minecraft:sand":4}},"DataVersion":3465}