{"stats":{"minecraft:custom":{"minecraft:jump":35,"minecraft:time_since_rest":614,"minecraft:crouch_one_cm":94,"minecraft:deaths":2,"minecraft:damage_dealt":145,"minecraft:sprint_one_cm":2807,"minecraft:leave_game":2,"minecraft:play_time":3219,"minecraft:damage_taken":559,"minecraft:time_since_death":613,"minecraft:walk_one_cm":7024,"minecraft:sneak_time":21,"minecraft:total_world_time":3219,"minecraft:fall_one_cm":22534,"minecraft:fly_one_cm":2585},"minecraft:killed_by":{"minecraft:husk":1}},"DataVersion":3465}