{"stats":{"minecraft:killed":{"minecraft:sheep":2},"minecraft:custom":{"minecraft:time_since_rest":69872,"minecraft:sprint_one_cm":232281,"minecraft:damage_taken":2221,"minecraft:walk_one_cm":223628,"minecraft:mob_kills":2,"minecraft:drop":2,"minecraft:damage_dealt":188,"minecraft:swim_one_cm":1710,"minecraft:fly_one_cm":425275,"minecraft:crouch_one_cm":5788,"minecraft:play_time":220053,"minecraft:deaths":7,"minecraft:sneak_time":2958,"minecraft:walk_under_water_one_cm":3249,"minecraft:jump":949,"minecraft:leave_game":29,"minecraft:walk_on_water_one_cm":1580,"minecraft:time_since_death":69871,"minecraft:total_world_time":220053,"minecraft:fall_one_cm":59734},"minecraft:dropped":{"minecraft:diamond_sword":1,"minecraft:clock":1},"minecraft:used":{"minecraft:short_grass":1,"minecraft:piston":12,"minecraft:white_tulip":1,"minecraft:light_weighted_pressure_plate":3,"minecraft:spruce_slab":2,"minecraft:polished_andesite":9,"minecraft:oak_sign":7,"minecraft:spruce_planks":3,"minecraft:redstone_block":4,"minecraft:birch_pressure_plate":2,"minecraft:cobblestone":1,"minecraft:bow":5,"minecraft:coarse_dirt":1,"minecraft:smooth_stone":24},"minecraft:picked_up":{"minecraft:coarse_dirt":1,"minecraft:clock":1,"minecraft:diamond_sword":2,"minecraft:stone_button":5,"minecraft:wooden_sword":1,"minecraft:birch_pressure_plate":1,"minecraft:oak_sign":3,"minecraft:white_tulip":1,"minecraft:ender_eye":1,"minecraft:mutton":4,"minecraft:piston":1,"minecraft:white_wool":2},"minecraft:mined":{"minecraft:coarse_dirt":1,"minecraft:short_grass":1,"minecraft:oak_sign":2,"minecraft:white_tulip":1,"minecraft:piston":1,"minecraft:birch_pressure_plate":1}},"DataVersion":3700}