{"stats":{"minecraft:dropped":{"minecraft:compass":1,"minecraft:nether_star":2,"minecraft:black_terracotta":2,"minecraft:leather_helmet":1,"minecraft:mushroom_stew":6,"minecraft:polished_andesite":2,"minecraft:leather_chestplate":1,"minecraft:gray_wool":2,"minecraft:wooden_axe":1,"minecraft:leather_boots":1,"minecraft:leather_leggings":1,"minecraft:smooth_stone":2,"minecraft:black_wool":2,"minecraft:stone_brick_slab":2},"minecraft:picked_up":{"minecraft:pink_wool":8,"minecraft:brick":144,"minecraft:heavy_weighted_pressure_plate":1,"minecraft:dirt":1,"minecraft:compass":1,"minecraft:smooth_stone":1,"minecraft:iron_ingot":921,"minecraft:cyan_wool":1,"minecraft:player_head":1,"minecraft:oak_planks":1,"minecraft:black_terracotta":1,"minecraft:stone_brick_slab":1,"minecraft:sand":6,"minecraft:stone_button":1,"minecraft:stone_pressure_plate":1,"minecraft:polished_andesite":1,"minecraft:light_blue_wool":4,"minecraft:diamond":23,"minecraft:gray_wool":1,"minecraft:gold_ingot":182,"minecraft:emerald":7,"minecraft:black_wool":1,"minecraft:nether_star":2},"minecraft:mined":{"minecraft:light_blue_wool":4,"minecraft:dead_bush":1,"minecraft:oak_planks":1,"minecraft:pink_wool":9,"minecraft:cyan_wool":1,"minecraft:tnt":1,"minecraft:grass":2,"minecraft:sand":6,"minecraft:dirt":1,"minecraft:player_head":1},"minecraft:custom":{"minecraft:leave_game":43,"minecraft:time_since_death":37711,"minecraft:climb_one_cm":232,"minecraft:time_since_rest":37713,"minecraft:sprint_one_cm":629647,"minecraft:damage_taken":3581,"minecraft:walk_one_cm":768715,"minecraft:drop":26,"minecraft:damage_dealt":4582,"minecraft:fly_one_cm":2839705,"minecraft:player_kills":19,"minecraft:open_chest":9,"minecraft:crouch_one_cm":78964,"minecraft:play_time":545442,"minecraft:deaths":10,"minecraft:sneak_time":32956,"minecraft:walk_under_water_one_cm":4295,"minecraft:jump":1389,"minecraft:walk_on_water_one_cm":19548,"minecraft:total_world_time":545442,"minecraft:fall_one_cm":155477},"minecraft:killed_by":{"minecraft:player":1},"minecraft:used":{"minecraft:water_bucket":2,"minecraft:netherite_sword":3,"minecraft:polished_andesite":5,"minecraft:iron_sword":55,"minecraft:redstone_block":14,"minecraft:player_head":1,"minecraft:green_terracotta":1,"minecraft:white_wool":11,"minecraft:diamond_block":25,"minecraft:purpur_stairs":8,"minecraft:sand":2,"minecraft:tnt":1,"minecraft:red_bed":2,"minecraft:birch_sign":9,"minecraft:cyan_wool":2,"minecraft:shears":4,"minecraft:polished_diorite":76,"minecraft:black_terracotta":1,"minecraft:stone_brick_slab":1,"minecraft:black_wool":34,"minecraft:spruce_wood":1,"minecraft:quartz_slab":1,"minecraft:heavy_weighted_pressure_plate":2,"minecraft:light_weighted_pressure_plate":2,"minecraft:red_terracotta":1,"minecraft:pink_wool":168,"minecraft:yellow_wool":142,"minecraft:diamond_sword":11,"minecraft:wooden_sword":78,"minecraft:bow":3,"minecraft:stone_pressure_plate":11,"minecraft:smooth_stone":14}},"DataVersion":3337}