{"stats":{"minecraft:custom":{"minecraft:jump":1238720,"minecraft:time_since_rest":17018878,"minecraft:damage_taken":81,"minecraft:leave_game":1261,"minecraft:time_since_death":17018875,"minecraft:play_time":20888586,"minecraft:walk_one_cm":66800467,"minecraft:deaths":2,"minecraft:walk_on_water_one_cm":127042487,"minecraft:total_world_time":20888586,"minecraft:walk_under_water_one_cm":5415940,"minecraft:fall_one_cm":7022,"minecraft:fly_one_cm":358170274},"minecraft:picked_up":{"minecraft:lime_dye":1,"minecraft:nether_star":1}},"DataVersion":3465}