{"stats":{"minecraft:custom":{"minecraft:jump":1304202,"minecraft:time_since_rest":18028142,"minecraft:damage_taken":68,"minecraft:leave_game":1140,"minecraft:play_time":22023018,"minecraft:time_since_death":18028138,"minecraft:walk_one_cm":64718093,"minecraft:walk_on_water_one_cm":145218096,"minecraft:deaths":2,"minecraft:walk_under_water_one_cm":5147961,"minecraft:total_world_time":22023018,"minecraft:damage_resisted":2,"minecraft:fall_one_cm":6099,"minecraft:fly_one_cm":356430908},"minecraft:picked_up":{"minecraft:birch_sign":1}},"DataVersion":3465}