{"stats":{"minecraft:mined":{"minecraft:jungle_slab":2,"minecraft:red_sand":3,"minecraft:grass_block":8,"minecraft:red_mushroom":2,"minecraft:brown_stained_glass":1,"minecraft:fire":1,"minecraft:oak_sign":1,"minecraft:rail":1,"minecraft:white_tulip":1,"minecraft:player_head":3,"minecraft:spruce_slab":2,"minecraft:podzol":3,"minecraft:brown_mushroom":1,"minecraft:melon":6,"minecraft:dead_bush":69,"minecraft:cobblestone":15,"minecraft:sugar_cane":2,"minecraft:black_stained_glass":1,"minecraft:cactus":3,"minecraft:coarse_dirt":3,"minecraft:jungle_wood":1,"minecraft:birch_log":1,"minecraft:lilac":1,"minecraft:grass":48,"minecraft:oak_log":6,"minecraft:coal_ore":2,"minecraft:mycelium":4,"minecraft:gravel":1,"minecraft:sand":6,"minecraft:dirt":8,"minecraft:mangrove_log":1,"minecraft:piston":1,"minecraft:oak_leaves":4,"minecraft:fern":5},"minecraft:killed_by":{"minecraft:husk":1,"minecraft:player":5,"minecraft:creeper":1,"minecraft:spider":3,"minecraft:skeleton":1,"minecraft:zombie":3},"minecraft:used":{"minecraft:oak_fence":8,"minecraft:netherite_sword":42,"minecraft:stone_sword":15,"minecraft:white_tulip":1,"minecraft:spruce_slab":2,"minecraft:elytra":1,"minecraft:oak_sign":6,"minecraft:chest":107,"minecraft:spruce_planks":1,"minecraft:iron_sword":254,"minecraft:stone":1238,"minecraft:player_head":5,"minecraft:dirt":24,"minecraft:birch_pressure_plate":3,"minecraft:anvil":2,"minecraft:hopper":5,"minecraft:jungle_planks":2,"minecraft:jungle_slab":1,"minecraft:orange_wool":12,"minecraft:shulker_box":27,"minecraft:spruce_fence":37,"minecraft:obsidian":143,"minecraft:purple_stained_glass_pane":12,"minecraft:glass":30,"minecraft:red_shulker_box":1,"minecraft:sea_lantern":2,"minecraft:lava_bucket":6,"minecraft:quartz_pillar":29,"minecraft:iron_block":1,"minecraft:light_weighted_pressure_plate":1,"minecraft:grass_block":58,"minecraft:jungle_log":13,"minecraft:green_wool":18,"minecraft:pink_wool":118,"minecraft:stone_brick_stairs":3,"minecraft:stone_bricks":25,"minecraft:golden_sword":34,"minecraft:bedrock":2,"minecraft:netherite_boots":1,"minecraft:redstone_lamp":4,"minecraft:tall_grass":1,"minecraft:gold_block":2,"minecraft:stone_pressure_plate":2,"minecraft:water_bucket":5,"minecraft:oak_planks":24,"minecraft:stone_pickaxe":24,"minecraft:polished_andesite":847,"minecraft:netherite_chestplate":2,"minecraft:cactus":110,"minecraft:ender_pearl":4,"minecraft:redstone_block":1,"minecraft:spruce_sign":19,"minecraft:white_wool":13,"minecraft:vine":1,"minecraft:stripped_dark_oak_log":90,"minecraft:diamond_block":35,"minecraft:sand":7,"minecraft:purpur_stairs":9,"minecraft:rail":1,"minecraft:netherite_leggings":1,"minecraft:tnt":38,"minecraft:acacia_leaves":31,"minecraft:netherite_helmet":1,"minecraft:oak_log":42,"minecraft:piston":6,"minecraft:netherite_block":2,"minecraft:firework_rocket":17,"minecraft:command_block":5,"minecraft:light_gray_concrete":2,"minecraft:brown_stained_glass":1,"minecraft:barrier":10,"minecraft:jungle_stairs":3,"minecraft:spruce_trapdoor":3,"minecraft:gravel":1,"minecraft:lilac":1,"minecraft:magenta_stained_glass_pane":22,"minecraft:diamond_sword":38,"minecraft:wooden_sword":115,"minecraft:cobblestone":5,"minecraft:andesite":509,"minecraft:bucket":1,"minecraft:ice":1,"minecraft:smooth_stone_slab":16,"minecraft:coarse_dirt":3,"minecraft:smooth_stone":56},"minecraft:custom":{"minecraft:interact_with_anvil":6,"minecraft:mob_kills":12,"minecraft:inspect_hopper":1,"minecraft:interact_with_crafting_table":2,"minecraft:open_shulker_box":47,"minecraft:leave_game":177,"minecraft:time_since_death":4098,"minecraft:climb_one_cm":13069,"minecraft:sprint_one_cm":1539892,"minecraft:walk_one_cm":2650038,"minecraft:drop":398,"minecraft:play_time":1830596,"minecraft:deaths":44,"minecraft:sneak_time":48982,"minecraft:walk_under_water_one_cm":34005,"minecraft:jump":5744,"minecraft:walk_on_water_one_cm":47685,"minecraft:total_world_time":1830596,"minecraft:interact_with_furnace":2,"minecraft:time_since_rest":4129,"minecraft:open_enderchest":6,"minecraft:damage_taken":23846,"minecraft:damage_dealt":12156,"minecraft:swim_one_cm":9234,"minecraft:player_kills":35,"minecraft:fly_one_cm":6498386,"minecraft:open_chest":28,"minecraft:crouch_one_cm":78462,"minecraft:aviate_one_cm":150831,"minecraft:fall_one_cm":698761},"minecraft:picked_up":{"minecraft:iron_chestplate":3,"minecraft:coarse_dirt":3,"minecraft:allium":1,"minecraft:chainmail_boots":3,"minecraft:anvil":1,"minecraft:turtle_helmet":8,"minecraft:leather_leggings":4,"minecraft:brown_mushroom":1,"minecraft:lead":1,"minecraft:diamond_sword":7,"minecraft:enchanted_book":89,"minecraft:shield":2,"minecraft:brick":25,"minecraft:golden_sword":6,"minecraft:cornflower":3,"minecraft:elytra":1,"minecraft:wooden_sword":7,"minecraft:iron_leggings":3,"minecraft:item_frame":1,"minecraft:compass":2,"minecraft:blue_orchid":4,"minecraft:oak_sign":1,"minecraft:diamond_leggings":6,"minecraft:red_sand":3,"minecraft:netherite_sword":7,"minecraft:white_tulip":1,"minecraft:player_head":3,"minecraft:ender_eye":1,"minecraft:spruce_slab":2,"minecraft:enchanted_golden_apple":39,"minecraft:melon_slice":48,"minecraft:sugar_cane":2,"minecraft:chest":1,"minecraft:piston":1,"minecraft:iron_boots":4,"minecraft:golden_helmet":7,"minecraft:tipped_arrow":1,"minecraft:black_stained_glass":1,"minecraft:stick":64,"minecraft:porkchop":7,"minecraft:trident":7,"minecraft:redstone":1,"minecraft:golden_chestplate":3,"minecraft:stone_pressure_plate":1,"minecraft:stone_sword":5,"minecraft:arrow":29,"minecraft:cactus":284,"minecraft:diamond_chestplate":15,"minecraft:diamond_boots":5,"minecraft:totem_of_undying":15,"minecraft:gold_ingot":76,"minecraft:netherite_chestplate":7,"minecraft:mutton":5,"minecraft:rail":1,"minecraft:white_wool":3,"minecraft:cobblestone":12,"minecraft:oxeye_daisy":4,"minecraft:birch_log":1,"minecraft:netherite_boots":5,"minecraft:clock":1,"minecraft:leather_chestplate":5,"minecraft:feather":1,"minecraft:lilac":1,"minecraft:golden_leggings":5,"minecraft:jungle_wood":1,"minecraft:red_mushroom":2,"minecraft:filled_map":1,"minecraft:mushroom_stew":7,"minecraft:oak_log":4,"minecraft:chainmail_chestplate":8,"minecraft:golden_boots":2,"minecraft:netherite_leggings":5,"minecraft:dirt":21,"minecraft:leather_boots":2,"minecraft:bow":9,"minecraft:wheat_seeds":10,"minecraft:rabbit_hide":1,"minecraft:iron_ingot":365,"minecraft:rabbit":2,"minecraft:diamond_helmet":6,"minecraft:iron_sword":4,"minecraft:book":1,"minecraft:gravel":2,"minecraft:sand":7,"minecraft:diamond_block":1,"minecraft:jungle_slab":2,"minecraft:shulker_box":26,"minecraft:leather_helmet":3,"minecraft:netherite_block":1,"minecraft:diamond":18,"minecraft:netherite_helmet":4,"minecraft:chainmail_leggings":5,"minecraft:iron_helmet":1,"minecraft:emerald":8,"minecraft:chainmail_helmet":5,"minecraft:nether_star":2,"minecraft:hopper":6,"minecraft:coal":2,"minecraft:crimson_roots":1},"minecraft:killed":{"minecraft:phantom":1,"minecraft:parrot":1,"minecraft:pig":5,"minecraft:rabbit":2,"minecraft:sheep":3},"minecraft:broken":{"minecraft:golden_sword":1},"minecraft:dropped":{"minecraft:enchanted_book":81,"minecraft:golden_boots":2,"minecraft:iron_sword":5,"minecraft:wheat_seeds":1,"minecraft:golden_helmet":6,"minecraft:nether_star":3,"minecraft:diamond_leggings":5,"minecraft:netherite_chestplate":6,"minecraft:netherite_helmet":3,"minecraft:oak_fence":1,"minecraft:iron_helmet":1,"minecraft:book":1,"minecraft:chainmail_helmet":5,"minecraft:leather_helmet":3,"minecraft:mushroom_stew":21,"minecraft:polished_andesite":1,"minecraft:grass":1,"minecraft:mutton":2,"minecraft:netherite_boots":4,"minecraft:diamond_helmet":6,"minecraft:iron_leggings":3,"minecraft:wooden_sword":6,"minecraft:chainmail_leggings":5,"minecraft:tripwire_hook":22,"minecraft:black_stained_glass":1,"minecraft:anvil":1,"minecraft:compass":3,"minecraft:diamond_block":1,"minecraft:player_head":1,"minecraft:cooked_chicken":64,"minecraft:golden_chestplate":3,"minecraft:stone_sword":5,"minecraft:netherite_sword":7,"minecraft:iron_boots":4,"minecraft:lime_dye":1,"minecraft:totem_of_undying":9,"minecraft:shulker_box":9,"minecraft:netherite_leggings":4,"minecraft:chainmail_chestplate":8,"minecraft:diamond_sword":5,"minecraft:leather_chestplate":5,"minecraft:tipped_arrow":1,"minecraft:stone":4,"minecraft:turtle_helmet":7,"minecraft:shield":1,"minecraft:trident":4,"minecraft:diamond_chestplate":14,"minecraft:netherite_block":1,"minecraft:iron_chestplate":3,"minecraft:hopper":1,"minecraft:leather_boots":2,"minecraft:golden_leggings":5,"minecraft:chainmail_boots":3,"minecraft:golden_sword":6,"minecraft:leather_leggings":4,"minecraft:diamond_boots":3,"minecraft:arrow":29,"minecraft:bow":9,"minecraft:firework_rocket":64}},"DataVersion":3465}